table_name,column_name,Column3,Column4,Column5
vw_Cashflow,DateType,NOT NEEDED FOR AI,,
vw_Cashflow,JFromDate,NOT NEEDED FOR AI,,
vw_Cashflow,JToDate,NOT NEEDED FOR AI,,
vw_CBS,CreatedBy,NOT NEEDED FOR AI,,
vw_CBS,LastModifiedBy,NOT NEEDED FOR AI,,
vw_Contract,تاریخ شروع قرارداد-سال,NOT NEEDED FOR AI,,
vw_Contract,تاریخ شروع قرارداد-ماه,NOT NEEDED FOR AI,,
vw_Contract,تاریخ شروع قرارداد-روز,NOT NEEDED FOR AI,,
vw_Contract,تاریخ شروع قرارداد-شمسی,NOT NEEDED FOR AI,,
vw_Contract,تاریخ پایان قرارداد-سال,NOT NEEDED FOR AI,,
vw_Contract,تاریخ پایان قرارداد-ماه,NOT NEEDED FOR AI,,
vw_Contract,تاریخ پایان قرارداد-روز,NOT NEEDED FOR AI,,
vw_Contract,تاریخ پایان قرارداد-شمسی,NOT NEEDED FOR AI,,
vw_Contract,تاریخ قرارداد-سال,NOT NEEDED FOR AI,,
vw_Contract,تاریخ قرارداد-ماه,NOT NEEDED FOR AI,,
vw_Contract,تاریخ قرارداد-روز,NOT NEEDED FOR AI,,
vw_Contract,تاریخ آخرین الحاقیه-سال,NOT NEEDED FOR AI,,
vw_Contract,تاریخ آخرین الحاقیه-ماه,NOT NEEDED FOR AI,,
vw_Contract,تاریخ آخرین الحاقیه-روز,NOT NEEDED FOR AI,,
vw_Contract,تاریخ آخرین صورت وضعیت-سال,NOT NEEDED FOR AI,,
vw_Contract,تاریخ آخرین صورت وضعیت-ماه,NOT NEEDED FOR AI,,
vw_Contract,تاریخ آخرین صورت وضعیت-روز,NOT NEEDED FOR AI,,
vw_Contract,تاریخ آخرین پرداخت-سال,NOT NEEDED FOR AI,,
vw_Contract,تاریخ آخرین پرداخت-ماه,NOT NEEDED FOR AI,,
vw_Contract,تاریخ آخرین پرداخت-روز,NOT NEEDED FOR AI,,
vw_DataFormItem,ActualStartDateKEY,NOT NEEDED FOR AI,view name should be changed to vw_WorkItems,
vw_DataFormItem,ActualStartDate_Year,NOT NEEDED FOR AI,view name should be changed to vw_WorkItems,
vw_DataFormItem,ActualStartDate_Month,NOT NEEDED FOR AI,view name should be changed to vw_WorkItems,
vw_DataFormItem,ActualStartDate_Day,NOT NEEDED FOR AI,view name should be changed to vw_WorkItems,
vw_DataFormItem,ActualStartDate_PersianDate,NOT NEEDED FOR AI,view name should be changed to vw_WorkItems,
vw_DataFormItem,ActualEndDateKEY,NOT NEEDED FOR AI,view name should be changed to vw_WorkItems,
vw_DataFormItem,ActualEndDate_Year,NOT NEEDED FOR AI,view name should be changed to vw_WorkItems,
vw_DataFormItem,ActualEndDate_Month,NOT NEEDED FOR AI,view name should be changed to vw_WorkItems,
vw_DataFormItem,ActualEndDate_Day,NOT NEEDED FOR AI,view name should be changed to vw_WorkItems,
vw_DataFormItem,ActualEndDate_PersianDate,NOT NEEDED FOR AI,view name should be changed to vw_WorkItems,
vw_DataFormItem,PlanStartDateKEY,NOT NEEDED FOR AI,view name should be changed to vw_WorkItems,
vw_DataFormItem,PlanStartDate_Year,NOT NEEDED FOR AI,view name should be changed to vw_WorkItems,
vw_DataFormItem,PlanStartDate_Month,NOT NEEDED FOR AI,view name should be changed to vw_WorkItems,
vw_DataFormItem,PlanStartDate_Day,NOT NEEDED FOR AI,view name should be changed to vw_WorkItems,
vw_DataFormItem,PlanStartDate_PersianDate,NOT NEEDED FOR AI,view name should be changed to vw_WorkItems,
vw_DataFormItem,PlanEndDateKEY,NOT NEEDED FOR AI,view name should be changed to vw_WorkItems,
vw_DataFormItem,PlanEndDate_Year,NOT NEEDED FOR AI,view name should be changed to vw_WorkItems,
vw_DataFormItem,PlanEndDate_Month,NOT NEEDED FOR AI,view name should be changed to vw_WorkItems,
vw_DataFormItem,PlanEndDate_Day,NOT NEEDED FOR AI,view name should be changed to vw_WorkItems,
vw_DataFormItem,PlanEndDate_PersianDate,NOT NEEDED FOR AI,view name should be changed to vw_WorkItems,
vw_DataFormItem,SubProjectID,NOT NEEDED FOR AI,view name should be changed to vw_WorkItems,
vw_Invoice,DateReceivedKEY,NOT NEEDED FOR AI,,
vw_Invoice,DateReceived_JalaliDate,NOT NEEDED FOR AI,,
vw_Invoice,DateReceived_JalaliDay,NOT NEEDED FOR AI,,
vw_Invoice,DateReceived_JalaliMonth,NOT NEEDED FOR AI,,
vw_Invoice,DateReceived_JalaliYear,NOT NEEDED FOR AI,,
vw_Invoice,DateIssuedKEY,NOT NEEDED FOR AI,,
vw_Invoice,DateIssued_JalaliDate,NOT NEEDED FOR AI,,
vw_Invoice,DateIssued_JalaliDay,NOT NEEDED FOR AI,,
vw_Invoice,DateIssued_JalaliMonth,NOT NEEDED FOR AI,,
vw_Invoice,DateIssued_JalaliYear,NOT NEEDED FOR AI,,
vw_Issues,OrganUnitName,NOT NEEDED FOR AI,,
vw_Issues,ParentID,NOT NEEDED FOR AI,,
vw_Issues,IdentificationDate_JalaliDate,NOT NEEDED FOR AI,,
vw_Issues,IdentificationDate_JalaliYear,NOT NEEDED FOR AI,,
vw_Issues,IdentificationDate_JalaliMonth,NOT NEEDED FOR AI,,
vw_Issues,IdentificationDate_JalaliDay,NOT NEEDED FOR AI,,
vw_Issues,DueDate_JalaliDate,NOT NEEDED FOR AI,,
vw_Issues,DueDate_JalaliYear,NOT NEEDED FOR AI,,
vw_Issues,DueDate_JalaliMonth,NOT NEEDED FOR AI,,
vw_Issues,DueDate_JalaliDay,NOT NEEDED FOR AI,,
vw_Issues,CreatedByKEY,NOT NEEDED FOR AI,,
vw_Issues,LastModifiedByKEY,NOT NEEDED FOR AI,,
vw_Issues,StatusPK,NOT NEEDED FOR AI,,
vw_Issues,DateTypePK,NOT NEEDED FOR AI,,
vw_Issues,ProjectStatusPK,NOT NEEDED FOR AI,,
vw_OrganUnitScurve,jFromDate,NOT NEEDED FOR AI,,
vw_OrganUnitScurve,jTodate,NOT NEEDED FOR AI,,
vw_OrganUnitScurve,Orgid,NOT NEEDED FOR AI,,
vw_OrganUnitScurve,TimePeriod,NOT NEEDED FOR AI,,
vw_Payments,ContractTitle,NOT NEEDED FOR AI,,
vw_Payments,ContractJalaliDate,NOT NEEDED FOR AI,,
vw_Payments,ContractJalaliYear,NOT NEEDED FOR AI,,
vw_Payments,ContractJalaliMonth,NOT NEEDED FOR AI,,
vw_Payments,PaymentJalaliDate,NOT NEEDED FOR AI,,
vw_Payments,PaymentJalaliYear,NOT NEEDED FOR AI,,
vw_Payments,PaymentJalaliMonth,NOT NEEDED FOR AI,,
vw_PlanHistory,CreationTime_JalaliDate,NOT NEEDED FOR AI,,
vw_PlanHistory,CreationTime_JalaliYear,NOT NEEDED FOR AI,,
vw_PlanHistory,CreationTime_JalaliMonth,NOT NEEDED FOR AI,,
vw_PlanHistory,CreationTime_JalaliDay,NOT NEEDED FOR AI,,
vw_PlanHistory,PlanStartDate_JalaliDate,NOT NEEDED FOR AI,,
vw_PlanHistory,PlanStartDate_JalaliYear,NOT NEEDED FOR AI,,
vw_PlanHistory,PlanStartDate_JalaliMonth,NOT NEEDED FOR AI,,
vw_PlanHistory,PlanStartDate_JalaliDay,NOT NEEDED FOR AI,,
vw_PlanHistory,PlanEndDate_JalaliDate,NOT NEEDED FOR AI,,
vw_PlanHistory,PlanEndDate_JalaliYear,NOT NEEDED FOR AI,,
vw_PlanHistory,PlanEndDate_JalaliMonth,NOT NEEDED FOR AI,,
vw_PlanHistory,PlanEndDate_JalaliDay,NOT NEEDED FOR AI,,
vw_ProjectGroupScurve,JFromDate,NOT NEEDED FOR AI,,
vw_ProjectGroupScurve,JToDate,NOT NEEDED FOR AI,,
vw_ProjectMonthlyReport,CreationTime_JalaliDate,NOT NEEDED FOR AI,,
vw_ProjectMonthlyReport,CreationTime_JalaliYear,NOT NEEDED FOR AI,,
vw_ProjectMonthlyReport,CreationTime_JalaliMonth,NOT NEEDED FOR AI,,
vw_ProjectMonthlyReport,CreationTime_JalaliDay,NOT NEEDED FOR AI,,
vw_Project,PMUserName,NOT NEEDED FOR AI,,
vw_Project,CreatedBy,NOT NEEDED FOR AI,,
vw_Project,LastModifiedBy,NOT NEEDED FOR AI,,
vw_Project,CreationTime,NOT NEEDED FOR AI,,
vw_Project,CreationTime_J,NOT NEEDED FOR AI,,
vw_Project,LastModificationTime,NOT NEEDED FOR AI,,
vw_Project,LastModificationTime_J,NOT NEEDED FOR AI,,
vw_Project,DefaultLocation_CityID,NOT NEEDED FOR AI,,
vw_Project,DefaultLocationID,NOT NEEDED FOR AI,,
vw_Project,پیشرفت برنامه ای در ابتدای سال جاری,NOT NEEDED FOR AI,,
vw_Project,پیشرفت برنامه ای در انتهای سال جاری,NOT NEEDED FOR AI,,
vw_Project,پیشرفت واقعی در ابتدای سال جاری,NOT NEEDED FOR AI,,
vw_Project,پیشرفت واقعی در انتهای سال جاری,NOT NEEDED FOR AI,,
vw_Project,راندمان کل,NOT NEEDED FOR AI,,
vw_Project,راندمان سال,NOT NEEDED FOR AI,,
vw_Project,ProjectHasControlPoints,NOT NEEDED FOR AI,,
vw_Project,ProjectWBSKEY,NOT NEEDED FOR AI,,
vw_Project,ProjectWBSName,NOT NEEDED FOR AI,,
vw_ProjectScurve,DateType,NOT NEEDED FOR AI,,
vw_ProjectScurve,JFromDate,NOT NEEDED FOR AI,,
vw_ProjectScurve,JToDate,NOT NEEDED FOR AI,,
vw_ResourceUsage,CostCurrencyID,NOT NEEDED FOR AI,,Isn't name better than ID?
vw_ResourceUsage,ResourceTypeID,NOT NEEDED FOR AI,,
vw_ResourceUsage,ResourceGroupID,NOT NEEDED FOR AI,,
vw_ResourceUsage,ActualStartDate_Year,NOT NEEDED FOR AI,,
vw_ResourceUsage,ActualStartDate_Month,NOT NEEDED FOR AI,,
vw_ResourceUsage,ActualStartDate_Day,NOT NEEDED FOR AI,,
vw_ResourceUsage,ActualStartDate_PersianDate,NOT NEEDED FOR AI,,
vw_Risks,IdentificationDate_JalaliDate,NOT NEEDED FOR AI,,
vw_Risks,IdentificationDate_JalaliYear,NOT NEEDED FOR AI,,
vw_Risks,IdentificationDate_JalaliMonth,NOT NEEDED FOR AI,,
vw_Risks,IdentificationDate_JalaliDay,NOT NEEDED FOR AI,,
vw_Risks,DueDate_JalaliDate,NOT NEEDED FOR AI,,
vw_Risks,DueDate_JalaliYear,NOT NEEDED FOR AI,,
vw_Risks,DueDate_JalaliMonth,NOT NEEDED FOR AI,,
vw_Risks,DueDate_JalaliDay,NOT NEEDED FOR AI,,
vw_Risks,CreatedByPK,NOT NEEDED FOR AI,,
vw_Risks,LastModifiedByPK,NOT NEEDED FOR AI,,
vw_Risks,CategoryPK,NOT NEEDED FOR AI,,
vw_Risks,RiskResponsePK,NOT NEEDED FOR AI,,
vw_Risks,StatusPK,NOT NEEDED FOR AI,,
vw_Risks,DateTypePK,NOT NEEDED FOR AI,,
vw_WBS,JalaliDate_PlanEndDate,NOT NEEDED FOR AI,,
vw_WBS,JalaliYear_PlanEndDate,NOT NEEDED FOR AI,,
vw_WBS,JalaliMonth_PlanEndDate,NOT NEEDED FOR AI,,
vw_WBS,JalaliDay_PlanEndDate,NOT NEEDED FOR AI,,
vw_WBS,JalaliDate_PlanStartDate,NOT NEEDED FOR AI,,
vw_WBS,JalaliYear_PlanStartDate,NOT NEEDED FOR AI,,
vw_WBS,JalaliMonth_PlanStartDate,NOT NEEDED FOR AI,,
vw_WBS,JalaliDay_PlanStartDate,NOT NEEDED FOR AI,,
vw_WBS,JalaliDate_ActualEndDate,NOT NEEDED FOR AI,,
vw_WBS,JalaliYear_ActualEndDate,NOT NEEDED FOR AI,,
vw_WBS,JalaliMonth_ActualEndDate,NOT NEEDED FOR AI,,
vw_WBS,JalaliDay_ActualEndDate,NOT NEEDED FOR AI,,
vw_WBS,JalaliDate_ActualStartDate,NOT NEEDED FOR AI,,
vw_WBS,JalaliYear_ActualStartDate,NOT NEEDED FOR AI,,
vw_WBS,JalaliMonth_ActualStartDate,NOT NEEDED FOR AI,,
vw_WBS,JalaliDay_ActualStartDate,NOT NEEDED FOR AI,,
vw_WBS,DefaultProjectPlanID,NOT NEEDED FOR AI,,
vw_WBS,DefaultProjectWBSID,NOT NEEDED FOR AI,,
vw_WBS,ProjectHasControlPoint,NOT NEEDED FOR AI,,
vw_Invoice,IsBalance,IsInvoiceBalance,NOT NEEDED FOR AI,
vw_Invoice,BalanceManualNumber,BalanceInvoiceNumber,NOT NEEDED FOR AI,
vw_Projects,DefaultLocation_Latitude,Location_Latitude,NOT NEEDED FOR AI,
vw_Projects,DefaultLocation_Longtitude,Location_Longtitude,NOT NEEDED FOR AI,
vw_Projects,ProjectStatusID,,NOT NEEDED FOR AI,