VIEW_NAME,DESCRIPTION
Report.vw_Cashflow,
Report.vw_CBS,
Report.vw_DataFormItem,
Report.vw_Invoice,
Report.vw_Issues,
Report.vw_OrganizationUnit,
Report.vw_OrganizationUnitType,
Report.vw_OrganUnitScurve,
Report.vw_Payments,
Report.vw_Photos,
Report.vw_PlanHistory,
Report.vw_ProjectGroup,
Report.vw_ProjectGroupScurve,
Report.vw_ProjectMonthlyReport,
Report.vw_ProjectPlan,
Report.vw_ProjectPlanProgress,
Report.vw_ProjectScurve,
Report.vw_ResourceUsage,
Report.vw_Risks,
Report.vw_WBS,
Report.vw_WorkItems,
